<?xml version="1.0"?>
<!--<!DOCTYPE metadata SYSTEM "http://www.esri.com/metadata/esriprof80.dtd">-->
<metadata xml:lang="fr"><Esri><MetaID>{5228B90B-4401-4727-9BF8-954168982FE6}</MetaID><CreaDate>20100928</CreaDate><CreaTime>16495000</CreaTime><SyncOnce>TRUE</SyncOnce><DataProperties><lineage><Process ToolSource="C:\Program Files\ArcGIS\ArcToolbox\Toolboxes\Data Management Tools.tbx\CreateFeatureclass" Date="20100928" Time="164950">CreateFeatureclass V:\E\fpr08_ARTICLES\Outils_Python_Realisation\CreerOursins\CreerOursinsReels\ToolData spider.shp POLYLINE # DISABLED DISABLED "PROJCS['NTF_Lambert_II_étendu',GEOGCS['GCS_NTF',DATUM['D_NTF',SPHEROID['Clarke_1880_IGN',6378249.2,293.46602]],PRIMEM['Greenwich',0.0],UNIT['Degree',0.0174532925199433]],PROJECTION['Lambert_Conformal_Conic'],PARAMETER['False_Easting',600000.0],PARAMETER['False_Northing',2200000.0],PARAMETER['Central_Meridian',2.3372291667],PARAMETER['Standard_Parallel_1',45.8989188889],PARAMETER['Standard_Parallel_2',47.6960144444],PARAMETER['Scale_Factor',1.0],PARAMETER['Latitude_Of_Origin',46.8],UNIT['Meter',1.0]];-35692100 -28092400 124093111.927127;#;#;0.001;#;#;IsHighPrecision" # 0 0 0 V:\E\fpr08_ARTICLES\Outils_Python_Realisation\CreerOursins\CreerOursinsReels\ToolData\spider.shp</Process><Process ToolSource="C:\Program Files\ArcGIS\ArcToolbox\Toolboxes\Data Management Tools.tbx\AddField" Date="20100928" Time="164951">AddField V:\E\fpr08_ARTICLES\Outils_Python_Realisation\CreerOursins\CreerOursinsReels\ToolData\spider.shp ID_CENTER LONG # # # # NON_NULLABLE NON_REQUIRED # V:\E\fpr08_ARTICLES\Outils_Python_Realisation\CreerOursins\CreerOursinsReels\ToolData\spider.shp</Process><Process Name="Spider_1" ToolSource="V:\E\fpr08_ARTICLES\Outils_Python_Realisation\CreerOursins\version_EN\Spider\Spider_92.tbx\Spider" Date="20100928" Time="164957">Spider V:\E\fpr08_ARTICLES\Outils_Python_Realisation\CreerOursins\CreerOursinsReels\ToolData\Agences1.shp LIEN01 V:\E\fpr08_ARTICLES\Outils_Python_Realisation\CreerOursins\CreerOursinsReels\ToolData\Clients1.shp LIEN01 100 V:\E\fpr08_ARTICLES\Outils_Python_Realisation\CreerOursins\CreerOursinsReels\ToolData\spider.shp</Process></lineage></DataProperties></Esri></metadata>
