<?xml version="1.0"?>
<!--<!DOCTYPE metadata SYSTEM "http://www.esri.com/metadata/esriprof80.dtd">-->
<metadata xml:lang="fr"><Esri><MetaID>{93899FBE-ED54-4B36-8591-A1CA429B15ED}</MetaID><CreaDate>20090826</CreaDate><CreaTime>11324500</CreaTime><SyncOnce>TRUE</SyncOnce><DataProperties><lineage><Process ToolSource="C:\Program Files\ArcGIS\ArcToolbox\Toolboxes\Data Management Tools.tbx\CreateFeatureclass" Date="20090826" Time="113245">CreateFeatureclass D:\fpr08_ARTICLES\Outils_Python_Realisation\CreerOursins\data Agences1.shp POINT 'COMMUNES sélection sélection' DISABLED DISABLED "PROJCS['NTF_Lambert_II_étendu',GEOGCS['GCS_NTF',DATUM['D_NTF',SPHEROID['Clarke_1880_IGN',6378249.2,293.46602]],PRIMEM['Greenwich',0.0],UNIT['Degree',0.0174532925199433]],PROJECTION['Lambert_Conformal_Conic'],PARAMETER['False_Easting',600000.0],PARAMETER['False_Northing',2200000.0],PARAMETER['Central_Meridian',2.3372291667],PARAMETER['Standard_Parallel_1',45.8989188889],PARAMETER['Standard_Parallel_2',47.6960144444],PARAMETER['Scale_Factor',1.0],PARAMETER['Latitude_Of_Origin',46.8],UNIT['Meter',1.0]];-35692100 -28092400 10000;#;#;0.001;#;#;IsHighPrecision" # 0 0 0 D:\fpr08_ARTICLES\Outils_Python_Realisation\CreerOursins\data\Agences1.shp</Process><Process ToolSource="C:\Program Files\ArcGIS\ArcToolbox\Toolboxes\Data Management Tools.tbx\DeleteField" Date="20090826" Time="113245">DeleteField D:\fpr08_ARTICLES\Outils_Python_Realisation\CreerOursins\data\Agences1.shp ID_GEOFLA D:\fpr08_ARTICLES\Outils_Python_Realisation\CreerOursins\data\Agences1.shp</Process><Process ToolSource="C:\Program Files\ArcGIS\ArcToolbox\Toolboxes\Data Management Tools.tbx\DeleteField" Date="20090826" Time="113245">DeleteField D:\fpr08_ARTICLES\Outils_Python_Realisation\CreerOursins\data\Agences1.shp STATUT D:\fpr08_ARTICLES\Outils_Python_Realisation\CreerOursins\data\Agences1.shp</Process><Process ToolSource="C:\Program Files\ArcGIS\ArcToolbox\Toolboxes\Data Management Tools.tbx\DeleteField" Date="20090826" Time="113245">DeleteField D:\fpr08_ARTICLES\Outils_Python_Realisation\CreerOursins\data\Agences1.shp X_CHF_LIEU D:\fpr08_ARTICLES\Outils_Python_Realisation\CreerOursins\data\Agences1.shp</Process><Process ToolSource="C:\Program Files\ArcGIS\ArcToolbox\Toolboxes\Data Management Tools.tbx\DeleteField" Date="20090826" Time="113245">DeleteField D:\fpr08_ARTICLES\Outils_Python_Realisation\CreerOursins\data\Agences1.shp Y_CHF_LIEU D:\fpr08_ARTICLES\Outils_Python_Realisation\CreerOursins\data\Agences1.shp</Process><Process ToolSource="C:\Program Files\ArcGIS\ArcToolbox\Toolboxes\Data Management Tools.tbx\DeleteField" Date="20090826" Time="113245">DeleteField D:\fpr08_ARTICLES\Outils_Python_Realisation\CreerOursins\data\Agences1.shp X_CENTROID D:\fpr08_ARTICLES\Outils_Python_Realisation\CreerOursins\data\Agences1.shp</Process><Process ToolSource="C:\Program Files\ArcGIS\ArcToolbox\Toolboxes\Data Management Tools.tbx\DeleteField" Date="20090826" Time="113245">DeleteField D:\fpr08_ARTICLES\Outils_Python_Realisation\CreerOursins\data\Agences1.shp Y_CENTROID D:\fpr08_ARTICLES\Outils_Python_Realisation\CreerOursins\data\Agences1.shp</Process><Process ToolSource="C:\Program Files\ArcGIS\ArcToolbox\Toolboxes\Data Management Tools.tbx\DeleteField" Date="20090826" Time="113245">DeleteField D:\fpr08_ARTICLES\Outils_Python_Realisation\CreerOursins\data\Agences1.shp Z_CENTROID D:\fpr08_ARTICLES\Outils_Python_Realisation\CreerOursins\data\Agences1.shp</Process><Process ToolSource="C:\Program Files\ArcGIS\ArcToolbox\Toolboxes\Data Management Tools.tbx\DeleteField" Date="20090826" Time="113245">DeleteField D:\fpr08_ARTICLES\Outils_Python_Realisation\CreerOursins\data\Agences1.shp SUPERFICIE D:\fpr08_ARTICLES\Outils_Python_Realisation\CreerOursins\data\Agences1.shp</Process><Process ToolSource="C:\Program Files\ArcGIS\ArcToolbox\Toolboxes\Data Management Tools.tbx\DeleteField" Date="20090826" Time="113245">DeleteField D:\fpr08_ARTICLES\Outils_Python_Realisation\CreerOursins\data\Agences1.shp POPULATION D:\fpr08_ARTICLES\Outils_Python_Realisation\CreerOursins\data\Agences1.shp</Process><Process ToolSource="C:\Program Files\ArcGIS\ArcToolbox\Toolboxes\Data Management Tools.tbx\DeleteField" Date="20090826" Time="113245">DeleteField D:\fpr08_ARTICLES\Outils_Python_Realisation\CreerOursins\data\Agences1.shp CODE_CANT D:\fpr08_ARTICLES\Outils_Python_Realisation\CreerOursins\data\Agences1.shp</Process><Process ToolSource="C:\Program Files\ArcGIS\ArcToolbox\Toolboxes\Data Management Tools.tbx\DeleteField" Date="20090826" Time="113245">DeleteField D:\fpr08_ARTICLES\Outils_Python_Realisation\CreerOursins\data\Agences1.shp CODE_ARR D:\fpr08_ARTICLES\Outils_Python_Realisation\CreerOursins\data\Agences1.shp</Process><Process ToolSource="C:\Program Files\ArcGIS\ArcToolbox\Toolboxes\Data Management Tools.tbx\DeleteField" Date="20090826" Time="113245">DeleteField D:\fpr08_ARTICLES\Outils_Python_Realisation\CreerOursins\data\Agences1.shp CODE_DEPT D:\fpr08_ARTICLES\Outils_Python_Realisation\CreerOursins\data\Agences1.shp</Process><Process ToolSource="C:\Program Files\ArcGIS\ArcToolbox\Toolboxes\Data Management Tools.tbx\DeleteField" Date="20090826" Time="113246">DeleteField D:\fpr08_ARTICLES\Outils_Python_Realisation\CreerOursins\data\Agences1.shp NOM_DEPT D:\fpr08_ARTICLES\Outils_Python_Realisation\CreerOursins\data\Agences1.shp</Process><Process ToolSource="C:\Program Files\ArcGIS\ArcToolbox\Toolboxes\Data Management Tools.tbx\DeleteField" Date="20090826" Time="113246">DeleteField D:\fpr08_ARTICLES\Outils_Python_Realisation\CreerOursins\data\Agences1.shp CODE_REG D:\fpr08_ARTICLES\Outils_Python_Realisation\CreerOursins\data\Agences1.shp</Process><Process ToolSource="C:\Program Files\ArcGIS\ArcToolbox\Toolboxes\Data Management Tools.tbx\DeleteField" Date="20090826" Time="113246">DeleteField D:\fpr08_ARTICLES\Outils_Python_Realisation\CreerOursins\data\Agences1.shp NOM_REGION D:\fpr08_ARTICLES\Outils_Python_Realisation\CreerOursins\data\Agences1.shp</Process><Process ToolSource="C:\Program Files\ArcGIS\ArcToolbox\Toolboxes\Data Management Tools.tbx\DeleteField" Date="20090826" Time="113246">DeleteField D:\fpr08_ARTICLES\Outils_Python_Realisation\CreerOursins\data\Agences1.shp CODE_INSEE D:\fpr08_ARTICLES\Outils_Python_Realisation\CreerOursins\data\Agences1.shp</Process><Process ToolSource="C:\Program Files\ArcGIS\ArcToolbox\Toolboxes\Data Management Tools.tbx\DeleteField" Date="20090826" Time="113246">DeleteField D:\fpr08_ARTICLES\Outils_Python_Realisation\CreerOursins\data\Agences1.shp CEREALE D:\fpr08_ARTICLES\Outils_Python_Realisation\CreerOursins\data\Agences1.shp</Process><Process ToolSource="C:\Program Files\ArcGIS\ArcToolbox\Toolboxes\Data Management Tools.tbx\DeleteField" Date="20090826" Time="113246">DeleteField D:\fpr08_ARTICLES\Outils_Python_Realisation\CreerOursins\data\Agences1.shp Shape_Length D:\fpr08_ARTICLES\Outils_Python_Realisation\CreerOursins\data\Agences1.shp</Process><Process ToolSource="C:\Program Files\ArcGIS\ArcToolbox\Toolboxes\Data Management Tools.tbx\DeleteField" Date="20090826" Time="113246">DeleteField D:\fpr08_ARTICLES\Outils_Python_Realisation\CreerOursins\data\Agences1.shp Shape_Area D:\fpr08_ARTICLES\Outils_Python_Realisation\CreerOursins\data\Agences1.shp</Process><Process ToolSource="C:\Program Files\ArcGIS\ArcToolbox\Toolboxes\Data Management Tools.tbx\DeleteField" Date="20090826" Time="113246">DeleteField D:\fpr08_ARTICLES\Outils_Python_Realisation\CreerOursins\data\Agences1.shp CATEGORY D:\fpr08_ARTICLES\Outils_Python_Realisation\CreerOursins\data\Agences1.shp</Process><Process ToolSource="C:\Program Files\ArcGIS\ArcToolbox\Toolboxes\Data Management Tools.tbx\DeleteField" Date="20090826" Time="113246">DeleteField D:\fpr08_ARTICLES\Outils_Python_Realisation\CreerOursins\data\Agences1.shp RECAPITULER D:\fpr08_ARTICLES\Outils_Python_Realisation\CreerOursins\data\Agences1.shp</Process><Process ToolSource="C:\Program Files\ArcGIS\ArcToolbox\Toolboxes\Data Management Tools.tbx\DeleteField" Date="20090826" Time="113246">DeleteField D:\fpr08_ARTICLES\Outils_Python_Realisation\CreerOursins\data\Agences1.shp TATA D:\fpr08_ARTICLES\Outils_Python_Realisation\CreerOursins\data\Agences1.shp</Process><Process ToolSource="D:\fpr08_ARTICLES\Outils_Python_Realisation\ExtraireCentres\ExtraireCentres_93.tbx\ExtraireCentres" Date="20090826" Time="113246">ExtraireCentres "COMMUNES sélection sélection" Centroïde CODE_COMM;NOM_COMM D:\fpr08_ARTICLES\Outils_Python_Realisation\CreerOursins\data\Agences1.shp</Process></lineage></DataProperties></Esri></metadata>
