<?xml version="1.0" encoding="UTF-8"?>
<metadata xml:lang="fr"><Esri><CreaDate>20130110</CreaDate><CreaTime>10182100</CreaTime><ArcGISFormat>1.0</ArcGISFormat><SyncOnce>TRUE</SyncOnce><DataProperties><lineage><Process ToolSource="c:\program files (x86)\arcgis\desktop10.1\ArcToolbox\Toolboxes\Data Management Tools.tbx\CreateFeatureclass" Date="20130110" Time="101821">CreateFeatureclass E:\fpr08_ARTICLES\Outils_Python_Realisation\CreerOursins\Update\Spider\Spider10x\Spider_FR\ToolData CreerOursinsReels.shp POLYLINE # DISABLED DISABLED "PROJCS['NTF_Lambert_II_étendu',GEOGCS['GCS_NTF',DATUM['D_NTF',SPHEROID['Clarke_1880_IGN',6378249.2,293.46602]],PRIMEM['Greenwich',0.0],UNIT['Degree',0.0174532925199433]],PROJECTION['Lambert_Conformal_Conic'],PARAMETER['False_Easting',600000.0],PARAMETER['False_Northing',2200000.0],PARAMETER['Central_Meridian',2.3372291667],PARAMETER['Standard_Parallel_1',45.8989188889],PARAMETER['Standard_Parallel_2',47.6960144444],PARAMETER['Scale_Factor',1.0],PARAMETER['Latitude_Of_Origin',46.8],UNIT['Meter',1.0]];-35692100 -28092400 124093111.927127;-100000 10000;-100000 10000;0.001;0.001;0.001;IsHighPrecision" # 0 0 0</Process><Process ToolSource="c:\program files (x86)\arcgis\desktop10.1\ArcToolbox\Toolboxes\Data Management Tools.tbx\AddField" Date="20130110" Time="101821">AddField E:\fpr08_ARTICLES\Outils_Python_Realisation\CreerOursins\Update\Spider\Spider10x\Spider_FR\ToolData\CreerOursinsReels.shp ID_CENTER LONG # # # # NULLABLE NON_REQUIRED #</Process><Process ToolSource="c:\program files (x86)\arcgis\desktop10.1\ArcToolbox\Toolboxes\Data Management Tools.tbx\AddField" Date="20130110" Time="101821">AddField E:\fpr08_ARTICLES\Outils_Python_Realisation\CreerOursins\Update\Spider\Spider10x\Spider_FR\ToolData\CreerOursinsReels.shp ID_LINK LONG # # # # NULLABLE NON_REQUIRED #</Process><Process ToolSource="c:\program files (x86)\arcgis\desktop10.1\ArcToolbox\Toolboxes\Data Management Tools.tbx\AddField" Date="20130110" Time="101821">AddField E:\fpr08_ARTICLES\Outils_Python_Realisation\CreerOursins\Update\Spider\Spider10x\Spider_FR\ToolData\CreerOursinsReels.shp ID_BORDER LONG # # # # NULLABLE NON_REQUIRED #</Process><Process ToolSource="E:\fpr08_ARTICLES\Outils_Python_Realisation\CreerOursins\Update\Spider\Spider10x\Spider_FR\CreerOursins_101.tbx\CreerOursinsReels" Date="20130110" Time="101822">CreerOursinsReels E:\fpr08_ARTICLES\Outils_Python_Realisation\CreerOursins\Update\Spider\Spider10x\Spider_FR\ToolData\Agences1.shp LIEN01 E:\fpr08_ARTICLES\Outils_Python_Realisation\CreerOursins\Update\Spider\Spider10x\Spider_FR\ToolData\Clients1.shp LIEN01 100 E:\fpr08_ARTICLES\Outils_Python_Realisation\CreerOursins\Update\Spider\Spider10x\Spider_FR\ToolData\CreerOursinsReels.shp</Process></lineage></DataProperties></Esri></metadata>
